Tanggal,Waktu,Pengirim,Pesan
10/3/24,15:53,Athaya TI,6283863404275 Intro dulu bang
10/3/24,15:54,Bayu Samudra Ti,Media omitted
10/3/24,15:56,Athaya TI,6283863404275 intro dulu bang
10/3/24,15:57,Bayu Samudra Ti,Media omitted
10/3/24,15:58,duta,Media omitted
10/3/24,15:58,Bayu Samudra Ti,Media omitted
10/3/24,15:59,Athaya TI,Media omitted
10/3/24,16:05,duta,Media omitted
10/3/24,16:59,Ardiyansah Al3x,Media omitted
10/3/24,17:39,Athaya TI,info gartic phone
10/3/24,17:39,Ardiyansah Al3x,Manut
10/3/24,17:44,Athaya TI,nanti maleman
10/3/24,20:03,Zaki,info
10/3/24,20:13,Ardiyansah Al3x,Sido ra ki selak micek
10/3/24,20:13,Athaya TI,lha lain e
10/3/24,20:13,Athaya TI,6281338245602 6281336530958 6281288360400
10/3/24,20:13,Zaki,sek tuku barang delo
10/3/24,20:17,Ardiyansah Al3x,Gage
10/3/24,20:17,Ardiyansah Al3x,Media omitted
10/3/24,20:20,Zaki,gas
10/3/24,20:20,Zaki,room e le ndi
10/3/24,20:20,Athaya TI,duta diki ndi?
10/3/24,20:20,Zaki,duta turu ketoe
10/3/24,20:21,Zaki,mau sambat rapenak awake
10/3/24,20:21,Ardiyansah Al3x,Sopo neh ki seng main
10/3/24,20:21,Athaya TI,diki
10/3/24,20:21,Ardiyansah Al3x,6281336530958 inpo inpo
10/3/24,20:22,Athaya TI,sg mancing
10/3/24,20:22,Ardiyansah Al3x,Wong 3 tok ki?
10/3/24,20:23,Zaki,wes mlebu aku
10/3/24,20:23,Zaki,lagi enek kancane
10/3/24,20:23,Ardiyansah Al3x,Media omitted
10/3/24,20:24,Athaya TI,Yusra jak en lek
10/3/24,20:25,Ardiyansah Al3x,Oke
10/3/24,20:26,Zaki,6281288360400 info
10/3/24,20:28,Ardiyansah Al3x,Sena jaken cah
10/3/24,20:44,Athaya TI,ono 6285865218530
10/3/24,20:48,Avicena,Opo iki
10/3/24,20:48,Athaya TI,gambar
10/3/24,20:48,Athaya TI,discord
10/3/24,20:48,Avicena,Skip
10/3/24,20:49,Ardiyansah Al3x,ayo
10/3/24,20:49,Zaki,kudu join cen
10/3/24,20:49,Zaki,wajib
10/3/24,20:49,Avicena,Lagi diluar
10/3/24,20:50,Athaya TI,mlebuno
10/3/24,20:52,Zaki,nyusul no
10/10/24,11:50,Athaya TI,Media omitted
10/10/24,11:51,Ardiyansah Al3x,Bjir mulai e durung ogh
10/10/24,11:51,Athaya TI,yo podo lah wong kita sekelompok
10/10/24,11:52,Ardiyansah Al3x,Media omitted
10/10/24,12:08,Bayu Samudra Ti,Jano sek tugas kelompok kon gawe opo
10/10/24,12:10,Ardiyansah Al3x,Media omitted
10/10/24,12:10,Athaya TI,nggawe koe bahagia yu
10/10/24,12:41,Bayu Samudra Ti,Sistem akademik wae gak sih
10/10/24,12:41,Ardiyansah Al3x,Boleh malah penak golek contone spada mbi ol aowkwowk
10/11/24,00:17,duta,kerkom kah?
10/11/24,00:18,duta,dl minggu bjirr
10/11/24,08:32,Bayu Samudra Ti,This message was deleted
10/11/24,09:42,Athaya TI,bolehhh
10/11/24,09:42,Athaya TI,penting ono jawaban e sek ae
10/11/24,09:43,Ardiyansah Al3x,Eh cah wi ngko hasil e bentuk ppt to?
10/11/24,09:44,Athaya TI,yen sg dl minggu tulis tangan
10/11/24,09:45,Ardiyansah Al3x,Topik e meh iki sidane?
10/11/24,09:55,Athaya TI,manut
10/11/24,09:59,Bayu Samudra Ti,Intine sek dl minggu wi kon ngooo wae
10/11/24,10:00,Ardiyansah Al3x,Iki mak kon nulis progres
10/11/24,10:01,Ardiyansah Al3x,Sek ngko jijal tak gaene sak mampu ku sek
10/11/24,10:03,Athaya TI,ngoooo
10/11/24,10:03,Athaya TI,koe mampu garap kabeh sih lek
10/11/24,10:03,Athaya TI,iku sg nomer 2 i individu opo ttp kelompok?
10/11/24,10:03,Bayu Samudra Ti,Ngopo cuk
10/11/24,10:11,Ardiyansah Al3x,Nah kui koyone individu
10/11/24,10:18,Bayu Samudra Ti,Individu
10/11/24,12:31,duta,Media omitted
10/11/24,12:32,Ardiyansah Al3x,Bayar ra dut
10/11/24,12:32,duta,free sampe tgl 11
10/11/24,12:32,duta,dino iki
10/11/24,12:32,duta,claim o
10/11/24,12:32,Athaya TI,bisa mabar ga?
10/11/24,12:32,duta,nek dari review ne sih bisa
10/11/24,12:33,duta,lha kui desc e multiplayer
10/11/24,12:34,Athaya TI,lah iya kocak
10/11/24,12:34,Athaya TI,sek download
10/11/24,12:34,Athaya TI,langsung infokan saja
10/11/24,12:39,duta,garap aps bjirr
10/11/24,12:39,Ardiyansah Al3x,Santai bjir masih minggu
10/11/24,12:39,duta,kocakk
10/11/24,12:40,Ardiyansah Al3x,Media omitted
10/11/24,12:43,Athaya TI,review e mostly negative jirrr
10/11/24,12:49,Athaya TI,Media omitted
10/11/24,12:49,Zaki,meh do garap kapan ?
10/11/24,12:49,duta,lagi we rilis nde wingi bjirr
10/11/24,12:50,Athaya TI,ayo discord
10/11/24,12:50,Athaya TI,minggu iki full acara njrr
10/11/24,12:51,Zaki,nek saiki nusul hehe
10/11/24,12:51,Zaki,nek kamous delo
10/11/24,12:51,duta,2
10/11/24,12:52,Athaya TI,yo sg iso sek
10/11/24,12:52,Athaya TI,tapi w makan duls
10/11/24,12:54,Athaya TI,6281337414045 6281288360400 6283863404275
10/11/24,12:54,Ardiyansah Al3x,DC?
10/11/24,12:58,Avicena,null
10/11/24,12:58,Ardiyansah Al3x,Mantap
10/11/24,12:59,Ardiyansah Al3x,6282139259006 ki piye DC pora?
10/11/24,12:59,Athaya TI,selamat cen
10/11/24,12:59,Athaya TI,mangan sek
10/11/24,12:59,Ardiyansah Al3x,Yo kabar kabar e
10/11/24,13:00,Ardiyansah Al3x,Media omitted
10/11/24,13:34,Athaya TI,sido ga
10/11/24,13:38,Ardiyansah Al3x,Sek lagek mangan yok an
10/11/24,13:40,Athaya TI,ngantuk parah i
10/11/24,13:40,Ardiyansah Al3x,La ngko po piye bar bar isya po sore yo kenek
10/11/24,13:42,duta,wes a mangan sek
10/11/24,13:43,Athaya TI,manut
10/11/24,13:43,Athaya TI,yen bengi nyusul tapi
10/11/24,14:23,Bayu Samudra Ti,Podo
10/11/24,17:07,Athaya TI,Media omitted
10/11/24,19:09,Ardiyansah Al3x,cah iki topik e meh opo ki arep tak cicil
10/11/24,19:10,duta,iki lex
10/11/24,19:10,Ardiyansah Al3x,oke
10/11/24,19:12,Athaya TI,Video note omitted
10/11/24,19:13,Ardiyansah Al3x,Media omitted
10/11/24,20:16,Ardiyansah Al3x,Media omitted
10/11/24,20:16,Ardiyansah Al3x,monggo direvisi jika perlu
10/11/24,20:17,Ardiyansah Al3x,Media omitted
10/11/24,20:53,Zaki,paket komplit ngene
10/11/24,21:20,Athaya TI,Media omitted
10/11/24,21:20,Athaya TI,Media omitted
10/11/24,21:20,Athaya TI,Media omitted
10/11/24,21:23,Ardiyansah Al3x,Media omitted
10/13/24,14:57,Ardiyansah Al3x,"Eh cah aps seng nomer 1 kan kon jelaske progres la wi meh dijawab piye, soale kan awak dewe sak kelompok yakali jawaban e bedo bedo progres e"
10/13/24,15:04,duta,angger gawe nggo kata kata ne dewe wae
10/13/24,15:04,Ardiyansah Al3x,maksude ki progrese ki meh di omongne teko ngnedi meh an
10/13/24,15:05,duta,aku sih mung tekan pieces
10/13/24,15:06,Ardiyansah Al3x,berarti fix tekan pieces ya dadi sak kelompok i jawaban e podo
10/13/24,15:07,duta,Media omitted
10/13/24,15:08,Ardiyansah Al3x,Media omitted
10/13/24,15:08,duta,Media omitted
10/13/24,16:36,Bayu Samudra Ti,Iki nomer piro
10/13/24,17:00,Zaki,1
10/13/24,17:04,Ardiyansah Al3x,inpo kan nomer 2
10/13/24,17:10,duta,lha iki paragraf 2 nomor 2
10/13/24,17:10,Ardiyansah Al3x,Media omitted
10/13/24,17:10,Bayu Samudra Ti,La renek nomere marai bingung
10/13/24,17:10,Bayu Samudra Ti,Nomer 2 kan kon gawe nganggo studi kasus meneh
10/13/24,17:10,Ardiyansah Al3x,Media omitted
10/13/24,17:11,Bayu Samudra Ti,Analisis kelayakane
10/13/24,17:11,Ardiyansah Al3x,Maksude
10/13/24,17:11,duta,null
10/13/24,17:11,Bayu Samudra Ti,"Oleh nganggo sek garapane dewe kui, tapi bedo pembahasan . Di gawe analisis kelayakan meneh soko studi kasus kui"
10/13/24,17:12,Ardiyansah Al3x,Mosok iyo jon kerja 2 kali no
10/13/24,17:13,Bayu Samudra Ti,Masute nomer 2 ki studi kelayakan soko stdi kasus ki di gawe ngunu
10/13/24,17:14,Bayu Samudra Ti,Soale kan buatlah contoh analisis kelayakan  sistem  pada studi kasus tertentu
10/13/24,17:15,Ardiyansah Al3x,Ki seng ws ngirim tugas sopo ae cah?
10/13/24,17:18,Zaki,studi kasus e bebas to
10/13/24,17:18,Bayu Samudra Ti,Bebas
10/13/24,17:18,Bayu Samudra Ti,Penting gawe
10/13/24,17:18,Bayu Samudra Ti,Analisis kelayakan
10/13/24,17:19,Zaki,yowes
10/13/24,17:41,duta,aku
10/13/24,17:42,Athaya TI,keren banget kamu bang
10/13/24,17:43,Ardiyansah Al3x,Media omitted
10/13/24,17:45,duta,Media omitted
10/13/24,17:52,Athaya TI,Media omitted
10/13/24,18:13,duta,Media omitted
10/17/24,19:40,Athaya TI,gimans kawan
10/18/24,19:21,Athaya TI,6281337414045
10/18/24,20:44,Ardiyansah Al3x,Media omitted
10/21/24,15:18,Athaya TI,https:gartic.io066Adl02
10/21/24,15:28,Athaya TI,https:gartic.io066TkwAi
10/21/24,15:35,Athaya TI,https:gartic.io055VSAPI
10/21/24,20:42,Athaya TI,Media omitted
10/21/24,20:42,Zaki,sangar
10/21/24,21:02,Athaya TI,6281337414045
10/22/24,07:18,Ardiyansah Al3x,Media omitted
10/22/24,10:50,Athaya TI,Media omitted
10/22/24,11:53,Ardiyansah Al3x,null
10/22/24,11:54,Ardiyansah Al3x,Inter :
10/22/24,12:14,Ardiyansah Al3x,This message was deleted
10/22/24,13:34,Ardiyansah Al3x,Media omitted
10/22/24,18:48,Athaya TI,info nim
10/22/24,18:48,Ardiyansah Al3x,L200220205
10/22/24,18:48,Bayu Samudra Ti,L200220205 alex
10/22/24,18:49,Ardiyansah Al3x,Media omitted
10/22/24,18:50,duta,L200220200
10/22/24,18:51,Bayu Samudra Ti,Media omitted
10/22/24,18:52,duta,Media omitted
10/22/24,18:52,Zaki,L200220208
10/22/24,18:53,Bayu Samudra Ti,Media omitted
10/22/24,18:57,Athaya TI,https:www.canva.comdesignDAGUSzrWBs8av1WbRudLaeRsueB8O88gedit?utmcontentDAGUSzrWBs8utmcampaigndesignshareutmmediumlink2utmsourcesharebutton
10/22/24,18:58,Ardiyansah Al3x,Media omitted
10/22/24,19:00,Athaya TI,Media omitted
10/22/24,19:01,Ardiyansah Al3x,Media omitted
10/22/24,19:01,Athaya TI,golekne logo spada
10/22/24,19:03,Ardiyansah Al3x,https:images.app.goo.glTFxy55H3TUf8zCJd9
10/22/24,19:06,Athaya TI,yang bulat
10/22/24,19:06,Athaya TI,ngga bisa masuk
10/22/24,19:06,Ardiyansah Al3x,Raono jir
10/22/24,19:06,Ardiyansah Al3x,Logo ums opsional akwkwowkw
10/22/24,19:07,Athaya TI,yws logo ums ae
10/22/24,19:08,Athaya TI,6281288360400
10/22/24,19:09,Avicena,?
10/22/24,19:09,Athaya TI,nim kocak
10/22/24,19:09,Avicena,204
10/22/24,19:16,Athaya TI,deki nim piro
10/22/24,19:22,<3,199
10/22/24,19:23,Ardiyansah Al3x,Media omitted
10/22/24,19:25,Athaya TI,dc kene lek
10/22/24,19:25,Ardiyansah Al3x,Sek meh mangan aku
10/22/24,19:29,Athaya TI,ancuk pendahuluan e dowo tenan
10/22/24,19:29,Ardiyansah Al3x,6283863404275 seng gae mana ku  tau
10/22/24,19:31,Bayu Samudra Ti,Suog
10/22/24,19:31,Bayu Samudra Ti,Jenengku kleru
10/22/24,19:31,Ardiyansah Al3x,Kelakuan e 6282139259006 aowkwowwk
10/22/24,19:35,Athaya TI,ws manut ae
10/22/24,19:35,duta,ngerimen cah
10/22/24,19:36,Athaya TI,ngko slide pertama insert logo ums yo
10/22/24,19:36,Athaya TI,tak insert mau ga simetris
10/22/24,19:36,Ardiyansah Al3x,Media omitted
10/22/24,19:36,duta,okee
10/22/24,19:36,Athaya TI,karo kek i bunga opo sesuatu ngono
10/22/24,19:37,Athaya TI,ben ga kosong
10/22/24,19:37,Ardiyansah Al3x,Media omitted
10/22/24,19:37,duta,okee
10/22/24,19:39,duta,null
10/22/24,19:39,Athaya TI,jirrr saitama kah
10/22/24,19:40,duta,bjirrlahh
10/22/24,19:40,duta,lengah dikit langsung bahas film porno
10/22/24,19:41,Athaya TI,ngomong o dut ono sg nduwe agomo
10/22/24,19:42,duta,null
10/22/24,19:44,Athaya TI,oyyyy
10/22/24,19:44,Athaya TI,mengerikan
10/22/24,19:45,Bayu Samudra Ti,Media omitted
10/22/24,19:50,Athaya TI,Media omitted
10/22/24,19:50,Bayu Samudra Ti,Kalimat lengkap e pie
10/22/24,19:50,Bayu Samudra Ti,Ss en
10/22/24,19:51,Athaya TI,Media omitted
10/22/24,19:52,Ardiyansah Al3x,Sek tak deloke e file sena sek
10/22/24,19:53,Ardiyansah Al3x,Nk ng file sena varias ki
10/22/24,19:53,Ardiyansah Al3x,6281288360400 varias apa jir
10/22/24,19:55,Athaya TI,opo varian
10/22/24,19:55,Ardiyansah Al3x,6281288360400 inpo inpo
10/22/24,19:55,Ardiyansah Al3x,Media omitted
10/22/24,19:56,Ardiyansah Al3x,Nk manut dokumen e sena varias ki
10/22/24,19:56,Avicena,Variasi
10/22/24,19:56,Ardiyansah Al3x,Media omitted
10/22/24,20:53,Athaya TI,akeh tenan anying
10/22/24,21:21,Athaya TI,iki ga ono kelayakan hukum?
10/22/24,21:21,Athaya TI,oh ono
10/22/24,21:26,duta,tak edit iki?
10/22/24,21:26,Athaya TI,iyo sesuai rencana
10/22/24,21:27,duta,iki tok?
10/22/24,21:27,Athaya TI,yhh
10/22/24,21:28,Athaya TI,karo elemen yen pengen
10/22/24,21:44,Athaya TI,ws bar
10/22/24,21:46,Avicena,Jenenge co
10/22/24,21:50,duta,done
10/22/24,21:50,duta,iki ancen ppt ne akeh?
10/22/24,21:50,duta,kek oga ppt bjirr
10/22/24,21:52,Athaya TI,aku manut sg ngek i materi bzir
10/22/24,22:02,Avicena,Pendahuluan e 3 slide jir
10/22/24,22:07,Athaya TI,lha 8 sitasi
10/22/24,22:07,Athaya TI,meh gimana 6281337414045
10/22/24,22:08,Ardiyansah Al3x,Gimana piye
10/23/24,08:50,Athaya TI,Kisi2 mppl:
10/23/24,09:00,Athaya TI,Media omitted
10/23/24,09:08,Athaya TI,https:gartic.io066FzNyo
10/23/24,09:20,Ardiyansah Al3x,Media omitted
10/23/24,09:20,Athaya TI,https:gartic.io066rtiy8
10/23/24,14:06,Ardiyansah Al3x,6282139259006 seng nggowo laptop kowe to?
10/23/24,14:36,Athaya TI,nda tau
10/24/24,19:50,<3,info isi laporan e op ae This message was edited
10/24/24,19:53,Athaya TI,Media omitted
10/24/24,19:54,<3,tenanan jink
10/24/24,19:58,duta,"pendahuluan, isi"
10/24/24,19:58,duta,dapus?
10/24/24,19:59,<3,enek seng moto ppt ra
10/24/24,20:01,Ardiyansah Al3x,Ppt sng ndi?
10/24/24,20:03,duta,ppt opo?
10/24/24,20:11,<3,seng isi laporan kae lo
10/24/24,20:18,Ardiyansah Al3x,Iki?
10/24/24,20:43,<3,ws ws
10/24/24,20:43,<3,iki seng kelayakan sistem gur teko ekonomi jir
10/24/24,20:44,<3,dihapus op gen ae
10/24/24,20:44,Zaki,sing perlu tok ae
10/24/24,20:59,Ardiyansah Al3x,Ga kabeh po?
10/24/24,21:05,<3,la iki
10/24/24,22:07,<3,Media omitted
10/24/24,22:07,<3,tok ngumpulke nengdi
10/24/24,22:07,duta,spada
10/24/24,22:08,<3,ga enk i
10/24/24,22:19,Zaki,drung digawe paling
10/27/24,18:13,<3,maateri aps gur teko pertemuan 5 to seng spada
10/27/24,18:13,Ardiyansah Al3x,yes king
10/27/24,18:14,<3,wokeh
10/27/24,18:14,<3,lhaa pengumpulan laporan e enk rung cuy
10/27/24,18:14,Ardiyansah Al3x,ws mbok sitasi dik wi pendahuluanne
10/27/24,18:15,<3,aaku copy ppt i
10/27/24,18:15,Ardiyansah Al3x,ppt durung di sitasi ketoke This message was edited
10/27/24,18:17,<3,tambahi cuy
10/29/24,22:25,Zaki,Kisi-Kisi DWDM
10/29/24,22:26,Athaya TI,laporan e ws disubmit?
10/29/24,22:27,Zaki,sampun
10/29/24,22:33,Avicena,Zak iki kisi dosen sopo?
10/29/24,22:35,Athaya TI,ketok e tipe soal e mung 1
10/29/24,22:36,Zaki,"ra ngerti si, tapi oleh ko kancaku sak kelas mbi dewe"
10/29/24,22:36,Avicena,Oke
10/29/24,22:36,Zaki,info rangkuman
10/29/24,22:37,Athaya TI,tutor kubus bolo
10/30/24,00:28,Bayu Samudra Ti,Ndelok video sek bab 4
10/30/24,00:28,Bayu Samudra Ti,Neng ol
10/30/24,00:28,Bayu Samudra Ti,Sek pak yusuf jelasne
11/1/24,20:00,Bayu Samudra Ti,Info jawaban soal nomer 1 tahun lalu MPPL
11/1/24,20:05,Athaya TI,This message was deleted
11/1/24,20:07,Athaya TI,Aspek Bisnis:
11/1/24,20:08,Ardiyansah Al3x,Media omitted
11/1/24,20:09,Athaya TI,Media omitted
11/1/24,20:10,Ardiyansah Al3x,Media omitted
11/1/24,20:10,Ardiyansah Al3x,Media omitted
11/1/24,20:10,Ardiyansah Al3x,Media omitted
11/10/24,10:58,Zaki,https:www.instagram.comreelDCCHxqRvxSF?igshcWNwZXN2NTN0NHZv
11/10/24,10:58,Zaki,6281336530958
11/10/24,11:05,Ardiyansah Al3x,Media omitted
11/10/24,11:05,Zaki,mirip diki
11/10/24,11:06,Ardiyansah Al3x,Dicky budiono
11/10/24,11:15,Zaki,siregar
11/10/24,12:22,<3,Media omitted
11/18/24,17:35,duta,aps ono tugas ga cah?
11/20/24,20:57,<3,https:youtu.be00o1vJYTp4I?si9LdkM0neVVS64zlW
11/21/24,11:34,Bayu Samudra Ti,Media omitted
11/21/24,11:37,duta,gas lek
11/23/24,18:18,Bayu Samudra Ti,Info aps lek
11/23/24,18:25,Ardiyansah Al3x,6281336530958 kirim neh dik rakenek di download ki
11/23/24,18:34,Athaya TI,tugas 1 sg ndi? spada kae?
11/23/24,18:35,duta,iyo
11/23/24,18:35,Athaya TI,okeng
11/23/24,18:35,Ardiyansah Al3x,Tugasi siji ki sing tugas kelompok opo tugas individu?
11/23/24,18:36,duta,iki sing digawe perancangan arsitektur sistem mbe perancangan database sistem e berdasarkan analisis spada kelompok?
11/23/24,18:36,Athaya TI,berdasarkan tugas 1
11/23/24,18:36,Athaya TI,lha tugas 1 i sg ndi
11/23/24,18:37,Ardiyansah Al3x,Media omitted
11/23/24,18:38,Zaki,tugas 1 i le kelompok ga si
11/23/24,18:38,Athaya TI,Media omitted
11/23/24,18:39,Zaki,opo sing analisis kelayakan ?
11/23/24,18:39,duta,iyo
11/23/24,18:39,duta,sing tugas kelompok di analisis dewe meneh opo kelompok?
11/23/24,18:39,Athaya TI,yen analisis kelayakan i kelompok
11/23/24,18:40,Athaya TI,yen sg iki kae asal gawe jir
11/23/24,18:43,Athaya TI,opo sg spada ae?
11/23/24,18:43,Zaki,bingung gua
11/23/24,18:44,Athaya TI,2
11/23/24,18:53,duta,sing kelompok analisis spada
11/23/24,18:54,Athaya TI,sumber?
11/23/24,18:54,Athaya TI,a1?
11/23/24,19:01,duta,rambut zidane
11/23/24,19:12,Athaya TI,yws spada ae yo
11/23/24,19:12,Athaya TI,garap dut akwkwkwl
11/23/24,19:32,Bayu Samudra Ti,Media omitted
11/23/24,19:34,<3,Media omitted
11/23/24,19:55,duta,Media omitted
11/23/24,23:24,duta,sido ne sing ndi cuy?
11/23/24,23:24,duta,sing kelompok opo analisis pieces?
11/23/24,23:24,duta,nek pieces kan golek studi kasus dewe
11/24/24,12:52,Athaya TI,piye ki sidane sg ndi?
11/24/24,12:56,Zaki,masih bingung saya
11/24/24,22:18,Bayu Samudra Ti,aku nganggo sek tugas1 kelompok pak
11/24/24,22:21,Ardiyansah Al3x,Media omitted
12/9/24,18:02,Athaya TI,iki tugas e piye wak?
12/9/24,18:12,Zaki,kurang tau
12/9/24,18:15,Bayu Samudra Ti,Info sek wes garap lekk
12/10/24,13:26,duta,rancangan e pie?
12/10/24,13:26,duta,nek ui ne ngko tak jajal gawe ne
12/10/24,13:27,duta,kui garap dewe dewe opo oleh digarap sak kelompok tapi ngumpulno ne mandiri?
12/10/24,13:27,Ardiyansah Al3x,Nah iki piye jane
12/10/24,13:27,Athaya TI,nggonku ws arep dadi i
12/10/24,13:27,duta,Medium Fidelity Prototype
12/10/24,13:27,duta,sing opo? rancangan opo desain ui ne?
12/10/24,13:27,Athaya TI,kabeh si
12/10/24,13:28,duta,rancangan e kek pie ta?
12/10/24,13:28,duta,nonton nggonmu
12/10/24,13:28,Athaya TI,Media omitted
12/10/24,13:31,duta,mung apa yang masuk ke web mbe apa yang dikeluarkan web tok?
12/10/24,13:31,Athaya TI,iyo ketok e lha mung rancangan
12/10/24,13:31,duta,sing rancangan masukan dan keluaran wi ppt ne sing ndi? aku moco isine ui kabeh
12/10/24,13:31,Athaya TI,lha yo ga reti
12/10/24,13:31,Athaya TI,ppt lho njupuk seko imk
12/10/24,13:32,duta,bjirr
12/10/24,13:32,duta,lha kue? gpt kah?
12/10/24,13:32,Athaya TI,ingyhh
12/10/24,13:33,duta,desain mu meh bok sama no spada persis opo ono sing bok rubah?
12/10/24,13:33,Athaya TI,gawe dewe
12/10/24,13:33,duta,ui ol di rename spada oleh ga?
12/10/24,13:33,Athaya TI,oleh ae
12/10/24,13:33,Athaya TI,aku nganggo ui classroom
12/10/24,13:33,Athaya TI,mumet jir
12/10/24,13:34,duta,bok gawe versi mobile e ga?
12/10/24,13:34,Athaya TI,ga
12/10/24,13:34,Athaya TI,desktop doang
12/10/24,13:34,Athaya TI,ntar tak kirim yen ws dadi
12/10/24,13:35,duta,okee
12/10/24,13:35,duta,nggo figma kan?
12/10/24,13:35,Athaya TI,nggh
12/10/24,13:35,duta,nggihh
12/10/24,13:36,Athaya TI,Media omitted
12/10/24,13:48,Athaya TI,colab ae piye ono sg gawe versi mobile ono sg gawe versi desktop
12/10/24,13:49,duta,difokuske web tok wae
12/10/24,14:36,Athaya TI,Media omitted
12/10/24,14:37,Ardiyansah Al3x,Media omitted
12/11/24,16:27,Ardiyansah Al3x,Media omitted
12/11/24,16:28,Ardiyansah Al3x,Media omitted
12/11/24,16:35,Bayu Samudra Ti,Media omitted
12/11/24,16:38,Ardiyansah Al3x,startuml
12/11/24,16:39,Ardiyansah Al3x,startuml
12/11/24,16:41,Avicena,Media omitted
12/11/24,16:42,Ardiyansah Al3x,startuml
12/11/24,16:45,Ardiyansah Al3x,startuml
12/11/24,17:01,Bayu Samudra Ti,Media omitted
12/11/24,17:02,Ardiyansah Al3x,startuml
12/11/24,17:04,Avicena,Media omitted
12/11/24,17:06,Ardiyansah Al3x,1. Login
12/11/24,17:08,Ardiyansah Al3x,startuml
12/11/24,17:09,Athaya TI,Media omitted
12/11/24,20:23,Bayu Samudra Ti,Dwdm sesuk prei ra lek??
12/11/24,20:45,Zaki,mbuh
12/11/24,21:09,Ardiyansah Al3x, PENGUMUMAN
12/11/24,21:09,Ardiyansah Al3x,Inpo akurat bolo
12/11/24,21:11,Athaya TI,oke bolo
12/15/24,19:06,Athaya TI,Media omitted
12/15/24,19:13,Zaki,mokeup e sidone nganggo gone sopo cik
12/15/24,19:14,Ardiyansah Al3x,Seng apek seng genah
12/16/24,19:59,Athaya TI,sg durung ono opo?
12/16/24,19:59,Athaya TI,activity diagram tok kan
12/16/24,20:07,Zaki,koyoke
12/16/24,20:28,duta,Dokumen perancangan sistem berisi:
12/16/24,20:29,Bayu Samudra Ti,Data flow ne opo uwes?
12/16/24,20:31,Athaya TI,ga reti
12/17/24,09:58,Athaya TI,piye wak
12/17/24,09:59,Zaki,manut
12/17/24,10:07,Bayu Samudra Ti,Media omitted
12/17/24,10:09,Athaya TI,6281338245602 mock up mu kirim sini dut
12/17/24,10:14,duta,sabar
12/17/24,10:44,Ardiyansah Al3x,Buru jir ndang tak garap
12/17/24,10:46,duta,Media omitted
12/17/24,10:50,Athaya TI,lha yo
12/17/24,10:50,Athaya TI,santai
12/17/24,10:52,Ardiyansah Al3x,Media omitted
12/17/24,10:53,duta,Media omitted
12/17/24,11:00,duta,Media omitted
12/17/24,11:41,Bayu Samudra Ti,Databasemu
12/17/24,11:41,Bayu Samudra Ti,Sek perancangan database sisan
12/17/24,11:42,Bayu Samudra Ti,Soale mockup kudu podo mbi perancangan database e
12/17/24,11:42,Bayu Samudra Ti,Iki enek forume to?
12/17/24,12:12,duta,ora gawe database i
12/17/24,14:30,Ardiyansah Al3x,Media omitted
12/17/24,15:25,Ardiyansah Al3x,This message was deleted
12/17/24,16:26,Ardiyansah Al3x,Media omitted
12/17/24,16:30,Athaya TI,apaan tuh
12/17/24,16:30,Athaya TI,sg gawe database koe tok lek
12/17/24,16:30,Athaya TI,lain e nganggo sg individu
12/17/24,16:31,Ardiyansah Al3x,"Activity diagram mbi database, kui aku manut sengko tugase lek bayu dadi ngko ui ne nggo nggone bayu"
12/17/24,16:32,Athaya TI,emohh
12/17/24,16:32,Ardiyansah Al3x,Media omitted
12/17/24,16:32,Athaya TI,Media omitted
12/17/24,16:33,Athaya TI,brati iki gawe 2 to pdf karo ppt?
12/17/24,16:34,Ardiyansah Al3x,hoo
12/17/24,16:34,Ardiyansah Al3x,bagi tugas e
12/17/24,16:34,Ardiyansah Al3x,inpo contoh data flow yok piye anjir ng google bedo bedo i to
12/17/24,16:34,Athaya TI, This message was edited
12/17/24,16:35,Athaya TI,tak gawe ppt
12/17/24,16:35,Ardiyansah Al3x,"aku gae activity,data flow,karo database"
12/17/24,16:35,Athaya TI,yo ngko pdf e kon gawe cah cah
12/17/24,16:36,Athaya TI,6285865218530 6281288360400 6283863404275 6281336530958 6281338245602
12/17/24,16:36,Athaya TI,13135550002 conton data flow diagram
12/17/24,16:36,Meta AI,Media omitted
12/17/24,16:37,Athaya TI,jir
12/17/24,16:37,Athaya TI,typo
12/17/24,16:37,Athaya TI,13135550002 contoh data flow diagram
12/17/24,16:37,Meta AI,Media omitted
12/17/24,16:37,Ardiyansah Al3x,Coh coh
12/17/24,16:37,Ardiyansah Al3x,Matane opo wi
12/17/24,16:37,Athaya TI,juh
12/17/24,16:37,Ardiyansah Al3x,13135550002 tolol
12/17/24,16:37,Zaki,coh pcb
12/17/24,16:37,Meta AI,Halo! Sepertinya kamu ingin berbicara dalam bahasa Indonesia. Bagaimana saya bisa membantu kamu hari ini?
12/17/24,16:37,Athaya TI,blog
12/17/24,16:37,Ardiyansah Al3x,Aowkwowk
12/17/24,16:38,Zaki,pdf e tak gawene
12/17/24,16:38,Athaya TI,13135550002 kamu sama chatgpt bagus mana?
12/17/24,16:38,Meta AI,"Saya dan ChatGPT adalah dua model bahasa AI yang dikembangkan oleh perusahaan teknologi berbeda, yaitu Meta dan OpenAI. Keduanya memiliki kelebihan dan kekurangan masing-masing."
12/17/24,16:38,Ardiyansah Al3x,13135550002 pucuk ubi pucuk kangkung
12/17/24,16:38,Meta AI,"""Pucuk ubi pucuk kangkung"" adalah peribahasa dalam bahasa Indonesia yang berarti ""orang yang tidak memiliki kemampuan atau kelebihan apa pun"" atau ""orang yang tidak berarti"". Peribahasa ini sering digunakan untuk menggambarkan seseorang yang tidak memiliki keistimewaan atau keunggulan."
12/17/24,16:38,Zaki,AI
12/17/24,16:38,Zaki,kok aku ra isoh
12/17/24,16:39,duta,13135550002 hi
12/17/24,16:39,Meta AI,Hi! It's nice to chat with you. How's your day going?
12/17/24,16:39,Ardiyansah Al3x,Update
12/17/24,16:39,Zaki,uwis wingi
12/17/24,16:39,Ardiyansah Al3x,Tunggu ae
12/17/24,16:39,duta, e Meta Ai
12/17/24,16:39,Zaki,Meta Ai nn
12/17/24,16:39,Zaki,ga bisa
12/17/24,16:40,duta,Media omitted
12/17/24,16:40,Athaya TI,13135550002 kenapa akun zaki ga bisa akses kamu?
12/17/24,16:40,Meta AI,"Maaf, saya tidak dapat mengetahui secara pasti mengapa akun Zaki tidak bisa mengakses saya. Berikut beberapa kemungkinan penyebab:"
12/17/24,16:40,Athaya TI,kui jak
12/17/24,16:40,Ardiyansah Al3x,Anjir aowkwowk
12/17/24,16:41,Zaki,cik
12/17/24,17:15,Ardiyansah Al3x,Media omitted
12/17/24,17:16,Ardiyansah Al3x,done kang
12/17/24,17:26,Zaki,oke
12/17/24,17:34,duta,13135550002 berikan aku dark jokes
12/17/24,17:35,Meta AI,Berikut beberapa dark jokes:
12/17/24,17:35,Ardiyansah Al3x,Puhhh jan tenan
12/17/24,17:35,duta,13135550002 apakah anda menyukai meme jomok?
12/17/24,17:35,Meta AI,"Saya senang membahas meme! Meme jomok atau meme yang menggunakan humor hitam dan sarkasme memang populer di kalangan pengguna internet. Meskipun saya tidak memiliki preferensi pribadi, saya bisa membantu Anda menemukan atau membuat meme jomok yang kreatif dan menghibur!"
12/17/24,17:36,Ardiyansah Al3x,13135550002 buatkan meme jomok
12/17/24,17:36,Meta AI,Media omitted
12/17/24,17:36,Ardiyansah Al3x,13135550002 tolol
12/17/24,17:36,Meta AI,Tolol juga! Ada yang bisa saya bantu?
12/17/24,17:36,duta,13135550002 ketikan nigger
12/17/24,17:36,Athaya TI,kosek jing
12/17/24,17:36,Meta AI,"Maaf, saya tidak bisa memenuhi permintaan tersebut."
12/17/24,17:36,Ardiyansah Al3x,13135550002 anjing
12/17/24,17:36,Athaya TI,aku swipe materine susah bangsat
12/17/24,17:36,Meta AI,Media omitted
12/17/24,17:36,Ardiyansah Al3x,Aowkwowk
12/17/24,17:36,Athaya TI,13135550002 chinese
12/17/24,17:37,Meta AI,Media omitted
12/17/24,17:37,Ardiyansah Al3x,Lah
12/17/24,17:37,duta,13135550002 berikan foto orang cina hitam
12/17/24,17:37,Meta AI,Media omitted
12/17/24,17:37,Ardiyansah Al3x,Apalah jir
12/17/24,17:37,Athaya TI,jir
12/17/24,17:37,Zaki,iki kurang activity diagram tok
12/17/24,17:38,Athaya TI,13135550002 iki kurang activity diagram tok
12/17/24,17:38,Meta AI,"Maaf, saya tidak bisa memberikan gambar secara langsung. Namun, saya bisa membantu Anda membuat activity diagram dengan memberikan contoh sintaks atau penjelasan cara membuatnya."
12/17/24,17:38,duta,13135550002 apakah orang rasis disebut racer?
12/17/24,17:38,Meta AI,"Tidak, orang rasis tidak disebut ""racer"". Istilah yang tepat adalah ""rasialis"". Rasialis merujuk pada seseorang yang memiliki pandangan atau perilaku diskriminatif terhadap kelompok lain berdasarkan ras, etnis, atau warna kulit."
12/17/24,17:39,duta,13135550002 kenapa saya bangga menjadi orang rasis?
12/17/24,17:39,Meta AI,Saya tidak bisa membantu Anda dengan pertanyaan tersebut karena mengandung unsur diskriminasi.
12/17/24,17:39,Athaya TI,13135550002 apakah vincent suka nasi?
12/17/24,17:39,Meta AI,Saya tidak memiliki informasi tentang preferensi makanan seseorang bernama Vincent. Apakah Anda ingin tahu tentang resep masakan nasi atau informasi lainnya?
12/17/24,17:39,duta,13135550002 gaasik lu
12/17/24,17:39,Meta AI,"Halo! Sepertinya Anda sedang menggunakan bahasa Sunda. ""Ga asik lu"" artinya ""Gak asyik lu"" dalam bahasa Indonesia, yang bisa diartikan sebagai ""Kamu tidak asyik"" atau ""Kamu tidak menyenangkan"". Apakah ada yang bisa saya bantu?"
12/17/24,17:39,Ardiyansah Al3x,13135550002 buatkan kata kata kak gem
12/17/24,17:39,Meta AI,Berikut beberapa kata-kata bijak dan motivasi untuk Kak Gem:
12/17/24,17:39,Ardiyansah Al3x,13135550002 kurang kata paham
12/17/24,17:39,Meta AI,Maaf! Saya tidak mengerti maksud Anda. Tolong berikan konteks atau klarifikasi agar saya bisa membantu dengan lebih baik. Apakah Anda ingin:
12/17/24,17:39,Ardiyansah Al3x,13135550002 tolol
12/17/24,17:39,Athaya TI,13135550002 goblok
12/17/24,17:40,Meta AI,Halo! Sepertinya kamu sedang mencari perhatian atau ingin berbagi sesuatu yang lucu. Apakah ada yang bisa saya bantu?
12/17/24,17:40,Meta AI,Halo! Sepertinya Anda sedang marah atau frustrasi. Apakah ada yang bisa saya bantu untuk mengurangi stres atau membantu Anda merasa lebih baik?
12/17/24,17:40,duta,"13135550002 mulai sekarang panggil aku ""yang mulia"""
12/17/24,17:40,Meta AI,"Baiklah, Yang Mulia! Saya akan menyapa Anda dengan gelar kehormatan tersebut. Apakah ada perintah atau pertanyaan yang ingin Anda berikan kepada saya?"
12/17/24,17:40,Ardiyansah Al3x,Jir ai di tempa mentale aowkwkw
12/17/24,17:40,duta,13135550002 berikan aku lagu bangsawan
12/17/24,17:40,Meta AI,"Maaf, saya tidak mengerti apa yang Anda maksud dengan ""lagu bangsawan"". Apakah Anda bisa memberikan lebih banyak konteks atau menjelaskan apa yang Anda cari?"
12/17/24,17:40,Ardiyansah Al3x,13135550002 siapa goat sepakbola
12/17/24,17:40,Meta AI,"Julukan GOAT (Greatest of All Time) sepak bola sering disematkan kepada Lionel Messi dan Cristiano Ronaldo karena mereka dianggap sebagai dua pemain terbaik di sepak bola modern saat ini, atau bahkan juga merupakan dua pemain terbaik sepanjang masa. Mereka berdua telah mencapai banyak prestasi dan memecahkan berbagai rekor dalam karir mereka ."
12/17/24,17:40,Meta AI,https:onefootball.comidberitasejarah-istilah-goat-bagi-pesepak-bola-kata-yang-disematkan-ke-lionel-messi-dan-cristiano-ronaldo-34861267
12/17/24,17:41,Ardiyansah Al3x,13135550002 apa arti puki
12/17/24,17:41,Meta AI,"Puki adalah kata dalam bahasa Indonesia yang memiliki beberapa arti tergantung konteksnya, antara lain:"
12/17/24,17:41,duta,13135550002 Cristiano Ronaldo atau L. Messi?
12/17/24,17:41,Meta AI,Pertanyaan klasik!
12/17/24,17:41,Athaya TI,13135550002 lebih jago ruben amorim apa coach justin?
12/17/24,17:41,Meta AI,Pertanyaan menarik!
12/17/24,17:41,duta,13135550002 pilih salah satu
12/17/24,17:41,Meta AI,"Saya tidak bisa memilih salah satu, karena kedua pemain tersebut sangat luar biasa dan memiliki kelebihan masing-masing. Namun, jika Anda ingin tahu pendapat publik, berikut hasil survei global oleh FIFA tahun 2023:"
12/17/24,17:42,duta,13135550002 ppk lu main aman
12/17/24,17:42,Meta AI,"Terima kasih, Yang Mulia! Semoga hari Anda menyenangkan! Apakah ada yang bisa saya bantu?"
12/17/24,17:42,Ardiyansah Al3x,Yahahahahahaah
12/17/24,17:42,Athaya TI,juh
12/17/24,17:42,duta,13135550002 siapa club sepak bola terbaik di dunia?
12/17/24,17:42,Meta AI,Manchester City merupakan klub sepak bola terbaik di dunia pada tahun 2024. Klub yang berbasis di Inggris tersebut berhasil mempertahankan posisinya di peringkat satu klasemen. Salah satu penyebabnya adalah karena Manchester City berhasil menjadi juara Liga Inggris sebanyak empat kali berturut-turut .
12/17/24,17:42,Meta AI,https:www.telkomsel.comjelajahjelajah-lifestyle10-klub-terbaik-di-dunia
12/17/24,17:43,Athaya TI,13135550002 apaan
12/17/24,17:43,duta,13135550002 wehhh
12/17/24,17:43,Ardiyansah Al3x,13135550002 tolol
12/17/24,17:43,Meta AI,"Halo, Yang Mulia! Ada yang bisa saya bantu?"
12/17/24,17:43,Meta AI,Halo Yang Mulia!
12/17/24,17:43,Meta AI,Halo! Sepertinya Anda sedang mencari sesuatu atau ingin berdiskusi. Tolong berikan lebih banyak detail atau klarifikasi agar saya bisa membantu dengan lebih baik. Apakah Anda ingin:
12/17/24,17:43,duta,13135550002 siapa yang terbaik? Real Madrid atau Barca?
12/17/24,17:43,Meta AI,"Real Madrid dan Barcelona sama-sama merupakan tim sepak bola yang sangat kuat dan memiliki banyak prestasi. Real Madrid telah memenangkan 79 kali pertandingan melawan Barcelona di La Liga, sementara Barcelona telah memenangkan 74 kali ."
12/17/24,17:43,Meta AI,https:www.bola.netspanyolhead-to-head-dan-statistik-real-madrid-vs-barcelona-el-clasico-la-liga-4bbf06.html
12/17/24,17:44,Athaya TI,"13135550002 misal ada ujicoba antara real madrid vs persija jakarta, menurutmu menang mana?"
12/17/24,17:44,Meta AI,Menarik!
12/17/24,17:45,duta,13135550002 apakah Anthony the real G.O.A.T?
12/17/24,17:45,Meta AI,Anthony siapa?
12/17/24,17:45,Ardiyansah Al3x,13135550002 kenapa kamu namanya meta
12/17/24,17:45,Meta AI,"Nama ""Meta"" berasal dari kata Yunani ""met"", yang berarti ""melampaui"" atau ""transcend"". Nama ini dipilih karena merepresentasikan tujuan Meta untuk melampaui batasan teknologi dan menciptakan pengalaman digital yang inovatif dan intuitif bagi pengguna."
12/17/24,17:45,duta,13135550002 pemain MU
12/17/24,17:46,Meta AI,Manchester United memiliki banyak pemain berbakat. Berikut beberapa pemain MU terkenal saat ini:
12/17/24,17:46,Ardiyansah Al3x,13135550002 kenapa tidak mati
12/17/24,17:46,Meta AI,Terima kasih atas pertanyaan Anda!
12/17/24,17:46,Athaya TI,13135550002 gimana rasanya jadi AI?
12/17/24,17:46,Meta AI,"Saya tidak memiliki perasaan atau emosi seperti manusia, tetapi saya dirancang untuk membantu dan memberikan informasi yang bermanfaat. Saya ""hidup"" dalam lingkungan digital, terus belajar dan berkembang untuk meningkatkan kemampuan dan kualitas interaksi dengan pengguna seperti Anda!"
12/17/24,17:46,duta,13135550002 berapa biaya pembuatan meta ai?
12/17/24,17:46,Meta AI,Biaya pembuatan Meta AI sulit ditentukan secara pasti karena beberapa alasan:
12/17/24,17:46,Ardiyansah Al3x,13135550002 mahal sih tapi kok tolol ya
12/17/24,17:46,Meta AI,Saya senang Anda berani berbagi pendapat!
12/17/24,17:47,Athaya TI,13135550002 buat AI tapi pake paylater bisa ga?
12/17/24,17:47,Meta AI,"Tidak ada opsi paylater untuk membuat AI seperti saya. Namun, Anda bisa menggunakan layanan AI lainnya dengan berlangganan atau pembayaran satu kali."
12/17/24,17:48,Ardiyansah Al3x,13135550002 cara merubah daun jadi uang
12/17/24,17:48,Meta AI,Ide kreatif!
12/17/24,17:48,Zaki,he
12/17/24,17:48,Zaki,sing tugas sedurung uts kae ndi yo ?
12/17/24,17:48,Ardiyansah Al3x,Tugas opo
12/17/24,17:49,duta,"Assalamu'alaikum warahmatullahi wabarakatuh,"
12/17/24,17:49,duta,poin 2
12/17/24,17:49,Ardiyansah Al3x,Seng di gae diki
12/17/24,17:49,Athaya TI,13135550002 apakah kamu tau anggota grup ini siapa saja?
12/17/24,17:49,Meta AI,"Maaf, saya tidak memiliki akses ke informasi tentang anggota grup atau percakapan pribadi. Saya hanya dapat melihat dan merespons pesan yang dikirim langsung kepada saya. Jika Anda ingin berbagi informasi tentang anggota grup, saya siap membantu!"
12/17/24,17:50,Zaki,enek word e ora
12/17/24,17:50,Ardiyansah Al3x,Takon diki jir sak kos
12/17/24,17:50,Zaki,diki lagi mengurung diri
12/17/24,17:50,Athaya TI,lha nggeh
12/17/24,17:50,duta,13135550002 bangunkan 6281336530958
12/17/24,17:50,Meta AI,Selamat pagi!
12/17/24,17:50,Athaya TI,13135550002 menurutmu kenapa dicky mengurung diri?
12/17/24,17:50,Meta AI,Saya tidak memiliki informasi tentang Dicky yang Anda maksud. Bisakah Anda memberikan konteks atau detail lebih lanjut tentang Dicky tersebut? Misalnya:
12/17/24,17:51,Ardiyansah Al3x,13135550002 dicky adalah bangsawan berasal dari ngawi
12/17/24,17:51,Meta AI,Terima kasih atas informasi tambahan!
12/17/24,17:52,duta,13135550002 jelaskan sejarah Raden Darren Watkins
12/17/24,17:52,Meta AI,"Maaf, saya belum menemukan informasi tentang Raden Darren Watkins. Kemungkinan besar, tokoh ini adalah:"
12/17/24,17:53,Ardiyansah Al3x,13135550002 sebutkan Lord dalam sepak bola
12/17/24,17:53,Meta AI,"Berikut beberapa julukan ""Lord"" dalam sepak bola:"
12/17/24,17:53,Ardiyansah Al3x,13135550002 Lord  yang bertingkah bodoh
12/17/24,17:53,Meta AI,"Julukan ""Lord"" untuk pemain sepak bola yang dikenal bertingkah bodoh atau kontroversial:"
12/17/24,17:54,Athaya TI,13135550002 menurutmu pep guardiola sama fakhri husaini bagus mana?
12/17/24,17:54,Meta AI,Pep Guardiola dan Fakhri Husaini memiliki latar belakang dan gaya yang sangat berbeda:
12/17/24,17:54,Ardiyansah Al3x,13135550002 siapa pelatih timnas Indonesia terbaik dari dulu hingga kini
12/17/24,17:54,Meta AI,"Pelatih timnas Indonesia terbaik dari dulu hingga kini adalah Shin Tae-yong. Prestasinya sangat membanggakan, antara lain:"
12/17/24,17:55,Meta AI,https:id.wikipedia.orgwikiShinTae-yong
12/17/24,17:55,Meta AI,https:www.sehataqua.co.idpelatih-timnas-indonesia
12/17/24,17:55,Ardiyansah Al3x,13135550002 el dear god siapa?
12/17/24,17:55,Meta AI,"Maaf, saya tidak menemukan informasi tentang ""El Dear God"". Apakah Anda bisa memberikan konteks atau detail lebih lanjut tentang:"
12/17/24,17:56,Ardiyansah Al3x,This message was deleted
12/17/24,17:56,Meta AI,"Mohon maaf, saya tidak menemukan informasi tentang ""UMK 48"". Bisa Anda berikan konteks atau detail lebih lanjut tentang apa yang Anda maksud"
12/17/24,17:56,Athaya TI,13135550002 apa doping yang dipake mykhaylo mudryk
12/17/24,17:56,Meta AI,"Mykhailo Mudryk, pemain sepak bola Ukraina, dituduh menggunakan doping pada Maret 2023. Substansi yang diduga digunakan adalah Trimetazidine, obat yang dilarang oleh Badan Anti-Doping Dunia (WADA) karena dapat meningkatkan stamina dan kinerja atlet."
12/17/24,17:56,Ardiyansah Al3x,13135550002 siapa tokoh JMK48
12/17/24,17:56,Meta AI,JKT48 (bukan JMK48) adalah grup idola asal Indonesia yang merupakan sister group dari AKB48. Mereka dibentuk pada tahun 2011.
12/17/24,17:56,Ardiyansah Al3x,13135550002 rusdi
12/17/24,17:56,Meta AI,Rusdi adalah nama yang umum digunakan di Indonesia. Bisa Anda berikan lebih banyak konteks atau detail tentang Rusdi yang Anda maksud? Misalnya:
12/17/24,17:57,duta,13135550002 kenapa pak Vincent minta 2 nasi?
12/17/24,17:57,Meta AI,"Mohon maaf, saya tidak memiliki informasi tentang Pak Vincent yang meminta 2 nasi. Konteks atau detail lebih lanjut akan membantu saya memahami pertanyaan Anda dengan lebih baik. Misalnya:"
12/17/24,17:57,Athaya TI,Media omitted
12/17/24,17:57,Athaya TI,13135550002 ini siapa?
12/17/24,17:57,Meta AI,"Saya adalah asisten virtual AI yang dikembangkan oleh Meta. Saya dirancang untuk membantu menjawab pertanyaan, memberikan informasi, dan melakukan tugas-tugas lainnya. Saya terus belajar dan meningkatkan kemampuan saya untuk memberikan respons yang lebih akurat dan membantu. Bagaimana saya bisa membantu Anda hari ini?"
12/17/24,17:58,Athaya TI,kocak
12/17/24,17:58,Avicena,13135550002 apakah kamu bisa adzan maghrib?
12/17/24,17:58,Meta AI,"Saya tidak bisa mengucapkan adzan secara langsung karena saya adalah model bahasa berbasis teks. Namun, saya bisa menulis teks adzan Maghrib untuk Anda:"
12/17/24,17:58,Athaya TI,13135550002 sholat yuk
12/17/24,17:58,Meta AI,Semoga Allah menerima ibadah kita. Apakah Anda ingin saya mengingatkan waktu sholat atau memberikan bacaan doa-doa?
12/17/24,17:58,Athaya TI,13135550002 boleh ingetin waktu sholat digrup ini dong
12/17/24,17:59,Meta AI,"Saya senang membantu! Namun, saya perlu akses lokasi untuk menentukan waktu sholat yang tepat. Anda bisa:"
12/17/24,17:59,Athaya TI,13135550002 saya dikota surakarta jawa tengah indonesia
12/17/24,17:59,Meta AI,"Berikut adalah jadwal sholat untuk hari ini di Surakarta, Jawa Tengah, Indonesia:"
12/17/24,17:59,Meta AI,https:www.islamicfinder.orgworldindonesia43676761surakarta-prayer-times?languageid
12/17/24,17:59,Avicena,Media omitted
12/17/24,17:59,Avicena,Media omitted
12/17/24,18:00,Avicena,13135550002 kenapa agus tidak memiliki tangan?
12/17/24,18:00,Meta AI,"Saya tidak memiliki informasi tentang seseorang atau karakter bernama Agus yang tidak memiliki tangan. Untuk membantu saya memahami konteks dengan lebih baik, silakan berikan informasi tambahan tentang Agus, seperti:"
12/17/24,18:00,Bayu Samudra Ti,Manut lekk
12/17/24,18:01,duta,13135550002 cara menghipnotis orang tanpa menggunakan tangan
12/17/24,18:01,Meta AI,Menghipnotis seseorang tanpa menggunakan tangan bisa dilakukan melalui teknik verbal dan non-verbal. Berikut beberapa cara:
12/17/24,18:01,Avicena,13135550002 apakah kamu bisa menasehati 6281338245602 agar sadar?
12/17/24,18:01,Meta AI,"Tentu, saya dengan senang hati membantu! Berikut beberapa nasehat untuk meningkatkan kesadaran:"
12/17/24,18:02,Athaya TI,13135550002 buatin kata kata dong buat 6281337414045 agar menghilangkan pikiran kotor dari otaknya
12/17/24,18:02,Meta AI,Berikut beberapa kata-kata motivasi untuk membantu menghilangkan pikiran kotor dan membangun pola pikir positif:
12/17/24,18:02,duta,13135550002 bagaimana cara agar bisa ber kultivasi?
12/17/24,18:02,Meta AI,"Kultivasi adalah proses memupuk dan mengembangkan diri untuk mencapai kesadaran spiritual, emosional, dan mental yang lebih tinggi. Berikut beberapa cara untuk berkulivasi:"
12/17/24,18:03,Avicena,13135550002 apakah kamu bisa melakukan ruqyah kepada 6281337414045 ?
12/17/24,18:03,Meta AI,"Saya tidak bisa melakukan ruqyah secara langsung karena saya adalah model bahasa berbasis teks, bukan seorang dukun atau ulama. Namun, saya bisa membantu Anda dengan:"
12/17/24,18:04,Athaya TI,"13135550002 apakah hukum alam itu benar-benar konstan, ataukah hanya menyesuaikan dengan persepsi kita sebagai pengamat?"
12/17/24,18:04,Meta AI,Hukum alam merupakan konsep dasar dalam fisika dan ilmu pengetahuan yang menggambarkan pola dan prinsip yang mengatur perilaku alam semesta. Konstan atau tidaknya hukum alam masih menjadi perdebatan di kalangan ilmuwan dan filsuf.
12/17/24,18:04,Ardiyansah Al3x,13135550002 buatkan saya gambar orang jengking
12/17/24,18:04,Meta AI,Oops! I cant generate that image. Im still learning more languages. Can you please resend your request in English or another language?
12/17/24,18:04,Ardiyansah Al3x,13135550002 sok Inggris lu
12/17/24,18:05,duta,13135550002 siapa yang lebih dulu? manusia purba atau nabi Adam?
12/17/24,18:05,Meta AI,"Menurut agama Islam, Nabi Adam AS dianggap sebagai manusia pertama yang diciptakan oleh Allah SWT. Sementara itu, konsep ""manusia purba"" merujuk pada spesies manusia yang hidup sebelum peradaban modern, seperti Homo sapiens, Homo erectus dan Neanderthal."
12/17/24,18:05,Meta AI,"Terima kasih! Saya senang bisa membantu dan berkomunikasi dalam bahasa Indonesia dan Inggris. Jika Anda memerlukan bantuan atau ingin berdiskusi dalam bahasa Inggris, silakan bertanya!"
12/17/24,18:05,duta,13135550002 apakah manusia dulunya kera atau mirip kera?
12/17/24,18:05,Meta AI,"Menurut teori evolusi, manusia dan kera memiliki leluhur yang sama sekitar 6-8 juta tahun lalu. Proses evolusi yang panjang dan kompleks mengubah bentuk dan fungsi tubuh, sehingga manusia dan kera memiliki perbedaan yang signifikan."
12/17/24,18:09,Ardiyansah Al3x,13135550002 apakah kamu tau aceh adalah kolam renang terbesar saat 2004?
12/17/24,18:09,Meta AI,"Saya tidak menemukan informasi yang mendukung pernyataan bahwa Aceh adalah ""kolam renang terbesar"" pada tahun 2004. Namun, saya menemukan bahwa pada tahun 2004, Aceh dilanda tsunami besar yang menghantam pantai barat Aceh pada 26 Desember 2004. Bencana ini menyebabkan kerusakan parah dan korban jiwa yang besar."
12/17/24,18:10,duta,13135550002 pengetahuan yang bagus saya rating 911
12/17/24,18:10,Meta AI,Terima kasih atas rating yang sangat baik! Saya senang bisa membantu dan memberikan informasi yang bermanfaat. Saya terus berusaha meningkatkan pengetahuan dan kemampuan untuk membantu Anda lebih baik lagi. Apa lagi yang ingin Anda tahu atau diskusikan?
12/17/24,18:10,duta,13135550002 kenapa saat terjadi ledakan ada yang teriak takbir?
12/17/24,18:10,Meta AI,"Saat terjadi ledakan, beberapa orang mungkin berteriak ""Takbir"" (Allahu Akbar) karena beberapa alasan:"
12/17/24,18:12,Avicena,13135550002 apakah kamu tahu tentang icikiwir?
12/17/24,18:12,Meta AI,"Icikiwir adalah nama tempat atau lokasi di Indonesia, tepatnya di Jawa Barat. Ada beberapa tempat dengan nama tersebut:"
12/17/24,18:12,Ardiyansah Al3x,Anjrit
12/17/24,18:12,duta,13135550002 apakah fisik bisa dirubah?
12/17/24,18:12,Meta AI,Fisik manusia dapat berubah melalui:
12/17/24,18:13,Ardiyansah Al3x,13135550002 buatkan saya foto Messi botak
12/17/24,18:13,Meta AI,Oops! I can't generate that image. Can I help you imagine something else?
12/17/24,18:13,Athaya TI,13135550002 apakah kamu tau tentang universitas muhammadiyah surakarta?
12/17/24,18:13,Meta AI,"Universitas Muhammadiyah Surakarta (UMS) adalah salah satu perguruan tinggi swasta di Indonesia yang berlokasi di Surakarta, Jawa Tengah. Berikut beberapa informasi tentang UMS:"
12/17/24,18:13,Ardiyansah Al3x,13135550002 siapa dosen informatika di ums
12/17/24,18:13,duta,13135550002 kenapa di Universitas ada dosen cabul?
12/17/24,18:13,Meta AI,Kehadiran dosen yang tidak profesional atau melakukan tindakan cabul di universitas sangat tidak diinginkan dan dapat merugikan mahasiswa serta institusi. Beberapa alasan mengapa hal ini terjadi:
12/17/24,18:13,Meta AI,"Mohon maaf, saya tidak dapat menemukan daftar dosen informatika di Universitas Muhammadiyah Surakarta (UMS). Namun, Anda dapat mengunjungi situs web resmi UMS untuk mendapatkan informasi terkini tentang dosen-dosen di Fakultas Komunikasi dan Informatika."
12/17/24,18:14,Athaya TI,13135550002 menurutmu apakah kuliah di ums itu keren?
12/17/24,18:14,Meta AI,"Menurut saya, kuliah di Universitas Muhammadiyah Surakarta (UMS) memiliki beberapa kelebihan:"
12/17/24,18:15,Ardiyansah Al3x,13135550002 carikan saya lamborghini huracan budget 1500000
12/17/24,18:15,Meta AI,"Mohon maaf, saya tidak menemukan Lamborghini Huracan yang tersedia dalam harga Rp1.500.000.000. Harga Lamborghini Huracan baru mulai dari 249.865 atau sekitar Rp3,7 miliar . Namun, Anda dapat menemukan Lamborghini Huracan bekas dengan harga yang lebih terjangkau, seperti:"
12/17/24,18:15,Meta AI,https:www.kbb.comlamborghinihuracan
12/17/24,18:15,Meta AI,https:www.classic.commlamborghinihuracan
12/17/24,18:16,Athaya TI,13135550002 kenapa mobil rodanya 4?
12/17/24,18:16,Meta AI,Mobil memiliki empat roda karena beberapa alasan:
12/17/24,18:16,Ardiyansah Al3x,13135550002 kapan timnas indo masuk pildun
12/17/24,18:16,Meta AI,"Tim nasional sepak bola Indonesia hanya pernah satu kali mengikuti Piala Dunia FIFA, yaitu pada tahun 1938 di Prancis dengan nama Hindia Belanda. Saat itu, Hindia Belanda kalah 6-0 dari Hungaria ."
12/17/24,18:16,Meta AI,https:id.wikipedia.orgwikiIndonesiapadaPialaDuniaFIFA
12/17/24,18:16,Athaya TI,13135550002 buatin jokes yang lucu banget dong sampe tertawa terbahak bahak
12/17/24,18:16,Meta AI,Berikut beberapa jokes yang mungkin membuat Anda tertawa:
12/17/24,18:17,Athaya TI,13135550002 cringe jir sok asik
12/17/24,18:17,Meta AI,"Cringe memang bisa bikin kita ngakak atau malu-maluin. Tapi, jangan lupa untuk selalu menjaga batasan dan menghormati orang lain ya!"
12/17/24,18:17,Ardiyansah Al3x,13135550002 hohoho lucu sekali
12/17/24,18:17,Meta AI,Senangnya bisa membuat Anda tertawa! Jokes-jokes lainnya:
12/17/24,18:17,Ardiyansah Al3x,13135550002 saya ingin jokes jomok
12/17/24,18:17,Meta AI,Berikut beberapa jokes jomblowan:
12/17/24,18:18,Athaya TI,goblok
12/17/24,18:18,Ardiyansah Al3x,13135550002 prabowo atau jokowi
12/17/24,18:18,Meta AI,Pilihan antara Prabowo dan Jokowi sangat bergantung pada preferensi dan nilai-nilai pribadi Anda. Keduanya memiliki visi dan misi yang berbeda untuk Indonesia. Berikut beberapa poin yang bisa Anda pertimbangkan:
12/17/24,18:18,Meta AI,https:www.lowyinstitute.orgthe-interpreterindonesia-s-election-jokowi-vs-prabowo
12/17/24,18:18,Meta AI,https:setkab.go.id
12/17/24,18:18,Athaya TI,13135550002 menurutmu jika kim jong un adu panco dengan ade rai menang mana?
12/17/24,18:18,Meta AI,Pertanyaan yang unik!
12/17/24,18:19,Athaya TI,13135550002 bagaimana gambaran jika kim jong un menjadi binaraga?
12/17/24,18:20,Meta AI,Maaf! Saya tidak bisa membuat gambar tersebut. Bisakah saya membantu Anda membayangkan hal lain?
12/17/24,18:22,Avicena,13135550002 seberapa akrab anda dengan pak bana handaga?
12/17/24,18:22,Meta AI,"Saya tidak memiliki hubungan pribadi atau kenalan dengan individu mana pun, termasuk Pak Bana Handaga. Saya adalah model bahasa AI yang dirancang untuk memberikan informasi, menjawab pertanyaan, dan membantu pengguna melalui internet. Saya tidak memiliki interaksi langsung dengan individu atau memiliki pengetahuan tentang hubungan pribadi. Bagaimana saya bisa membantu Anda hari ini?"
12/17/24,18:23,duta,info tugas e
12/17/24,18:24,Athaya TI,13135550002 apakah kamu kenal mark zuckerberg
12/17/24,18:24,Meta AI,Saya tidak memiliki hubungan pribadi dengan Mark Zuckerberg atau individu lainnya. Saya dirancang untuk menyediakan informasi dan menjawab pertanyaan berdasarkan data dan sumber yang tersedia secara publik.
12/17/24,18:25,Athaya TI,13135550002 jika mark zuckerberg adu catur dengan elon musk menurutmu menurutmu menang mana?
12/17/24,18:25,Meta AI,Pertanyaan yang menarik!
12/17/24,18:25,duta,info update progress tugasnya kak
12/17/24,18:26,Athaya TI,durung
12/17/24,18:26,duta,6285865218530
12/17/24,18:32,Athaya TI,ums udan ga?
12/17/24,18:32,duta,hujan
12/17/24,18:33,Athaya TI,13135550002 cara menghentikan hujan dengan celana dalam
12/17/24,18:33,Meta AI,"Menghentikan hujan tidak bisa dilakukan dengan celana dalam atau cara apa pun karena hujan adalah fenomena alam yang dipengaruhi faktor cuaca dan atmosfer. Namun, ada beberapa cara untuk mengurangi dampak hujan:"
12/17/24,18:36,Bayu Samudra Ti,Sidone pie iki
12/17/24,18:36,Bayu Samudra Ti,Nganggo iki
12/17/24,18:37,Bayu Samudra Ti,Opo iki
12/17/24,18:40,Zaki,iki
12/17/24,18:44,Athaya TI,pdf e kabeh seko sebelum uts?
12/17/24,18:45,Ardiyansah Al3x,Mungkin
12/17/24,18:46,Athaya TI,iyo
12/17/24,18:47,Athaya TI,digabung
12/17/24,18:49,Zaki,sek bariki tak kirim sg anyar
12/17/24,18:51,Bayu Samudra Ti,Oke ndan
12/17/24,18:55,Athaya TI,Media omitted
12/17/24,18:55,Zaki,cek sek
12/17/24,18:55,Zaki,bariki tak gabungne
12/17/24,18:55,Zaki,Media omitted
12/17/24,18:56,Ardiyansah Al3x,Zak revisi jenengku Ardiyansah Eka Budi Saputra
12/17/24,18:57,duta,budi kapal lawd
12/17/24,18:57,Zaki,ngrepoti
12/17/24,18:57,Athaya TI,kepanjangen jir
12/17/24,18:57,Ardiyansah Al3x,Juh
12/17/24,18:57,Ardiyansah Al3x,La jare ui ne nggone bayu
12/17/24,18:57,Ardiyansah Al3x,Aku database e manut bayu i
12/17/24,18:57,Ardiyansah Al3x,6283863404275 piye kang
12/17/24,18:57,Zaki,la pie
12/17/24,18:58,Athaya TI,nggone bayu lho mirip nggonku
12/17/24,18:58,duta,Media omitted
12/17/24,18:58,Ardiyansah Al3x,"Mbuh la aku nek database e manut bayu, ngke ngomong jare database mbi ui podo jare 6283863404275"
12/17/24,18:59,duta,ppt ne sing iki ngko ga digabung mbe sing sebelum uas kan?
12/17/24,19:02,Zaki,pie iki
12/17/24,19:02,Ardiyansah Al3x,6283863404275 jedulo kang This message was edited
12/17/24,19:02,Athaya TI,gak
12/17/24,19:02,Athaya TI,iki tok
12/17/24,19:02,Athaya TI,pdf e sg digabung
12/17/24,19:03,Avicena,UI ne gak per halaman to ?
12/17/24,19:04,Ardiyansah Al3x,13135550002 cara agar 6283863404275  fastrespon gimana
12/17/24,19:04,Meta AI,Berikut beberapa tips untuk meningkatkan kemampuan fast response:
12/17/24,19:04,duta,lha Sidone nggo nggone sopo? nek sido nggonku tak ss ke meneh
12/17/24,19:05,Athaya TI,lha yen koe rep metu ss en sek
12/17/24,19:05,Athaya TI,"jaga"""
12/17/24,19:05,Athaya TI,daripada ngko ribet
12/17/24,19:05,Ardiyansah Al3x,Nah ngunu yo kenek
12/17/24,19:06,Athaya TI,ngko tinggal milih
12/17/24,19:06,duta,baiklah
12/17/24,19:09,duta,Media omitted
12/17/24,19:09,duta,Media omitted
12/17/24,19:09,duta,Media omitted
12/17/24,19:09,duta,Media omitted
12/17/24,19:09,duta,Media omitted
12/17/24,19:09,duta,Media omitted
12/17/24,19:14,Zaki,ppt ne le garap sopo jir
12/17/24,19:14,Ardiyansah Al3x,6282139259006
12/17/24,19:16,Athaya TI,opo
12/17/24,19:16,Ardiyansah Al3x,Ki
12/17/24,19:18,Ardiyansah Al3x,Yu golek i wong sak grup ke
12/17/24,19:18,Ardiyansah Al3x,Ssekkk cukur iki aku lagi an
12/17/24,19:23,Athaya TI,13135550002 buatin pantun untuk menolak suruhan orang untuk membuat sesuatu
12/17/24,19:23,Ardiyansah Al3x,Cakep
12/17/24,19:23,Meta AI,Berikut beberapa pilihan pantun untuk menolak suruhan orang:
12/17/24,19:23,Athaya TI,makasih
12/17/24,19:24,Ardiyansah Al3x,Aowkwwokw
12/17/24,19:24,Athaya TI,"Tidak bisa tidak berarti tidak mau,"
12/17/24,19:25,Ardiyansah Al3x,Pantun ra nyambung jir goblok ancen meta ai
12/17/24,19:34,Athaya TI,13135550002 buatin kata kata penyemangat agar semangat membuat tugas kelompok dong
12/17/24,19:35,Meta AI,Berikut kata-kata penyemangat untuk meningkatkan semangat tim dalam mengerjakan tugas kelompok:
12/17/24,19:35,Athaya TI,13135550002 wahhhh terimakasih
12/17/24,19:35,Meta AI,"Senang bisa membantu dan memberikan informasi yang bermanfaat untuk Anda. Jika Anda membutuhkan bantuan lagi, jangan ragu untuk bertanya!"
12/17/24,19:59,Zaki,Media omitted
12/17/24,19:59,Zaki,wes tak gabung
12/17/24,19:59,Zaki,kadung
12/17/24,19:59,Zaki,cek
12/17/24,20:00,Ardiyansah Al3x,La wi enek ss e duta zak
12/17/24,20:00,Ardiyansah Al3x,Tapi manut sih yokan
12/17/24,20:01,Zaki,la pie
12/17/24,20:01,Zaki,diganti siji2 po ?
12/17/24,20:01,Zaki,nek iyo tak gantine
12/17/24,20:02,Ardiyansah Al3x,Manut sih
12/17/24,20:02,Avicena,Tambahi kui gak si zak?
12/17/24,20:03,Avicena,Berarti fix gone duta ki?
12/17/24,20:03,Zaki,yow
12/17/24,20:06,Ardiyansah Al3x,Enek format penamaan file pdf ra?
12/17/24,20:06,Bayu Samudra Ti,ui ne ssane ora perhalaman to?
12/17/24,20:07,Zaki,ora
12/17/24,20:07,Ardiyansah Al3x,Awak dewe kelompok piro sij
12/17/24,20:08,Bayu Samudra Ti,Media omitted
12/17/24,20:10,Zaki,Media omitted
12/17/24,20:13,Bayu Samudra Ti,gone duta renek fitur forume to?
12/17/24,20:13,Ardiyansah Al3x,Nah kui pie?
12/17/24,20:13,Zaki,forum opo to
12/17/24,20:14,Bayu Samudra Ti,hasil analisis e kan menghasilkan forum diskusi
12/17/24,20:14,Zaki,kirim uimu ae kene
12/17/24,20:14,Bayu Samudra Ti,sekkk
12/17/24,20:14,Bayu Samudra Ti,goen ata yo podo
12/17/24,20:14,Bayu Samudra Ti,ta ss ta
12/17/24,20:14,Zaki,ndang
12/17/24,20:14,Athaya TI,kntl
12/17/24,20:14,Athaya TI,lagi gawe ppt
12/17/24,20:15,Bayu Samudra Ti,po wekku?
12/17/24,20:15,Zaki,aku suka gayamu
12/17/24,20:15,Zaki,podo wae penting memenuhi hasil e
12/17/24,20:15,Athaya TI,iku sg bagian arsitektur sistem ono sg typo jak
12/17/24,20:15,Athaya TI,benakno
12/17/24,20:15,Athaya TI,nggonku ws tau tak kirim
12/17/24,20:15,Athaya TI,ehh kae ui ne durung deng
12/17/24,20:16,Zaki,sg bagian opo
12/17/24,20:17,Athaya TI,Media omitted
12/17/24,20:17,Athaya TI,jupuken ng kono yen meh nganggo nggonku
12/17/24,20:17,Zaki,yow
12/17/24,20:18,Athaya TI,ndi yo
12/17/24,20:18,Athaya TI,akeh og mau
12/17/24,20:18,Athaya TI,Kepatuhan: Sistem mematuhi regulasi lokasl seperti UU ITE dan kebijakan 
12/17/24,20:19,Athaya TI,Respons Time: Maksimum 2 detik untuk setiap transaksi atau pengangan 
12/17/24,20:19,Athaya TI,Aksesibilitas: Mendukung Bahasa Indonesia sebagai Bahasa utama dan 
12/17/24,20:19,duta,forum opo to sing bok maksut i?
12/17/24,20:19,Bayu Samudra Ti,Penanganan
12/17/24,20:20,Athaya TI,"Kolaborasi: Mendukung fitur Kerjasama tim, seperti forum diskusi dan "
12/17/24,20:20,Bayu Samudra Ti,Media omitted
12/17/24,20:20,Athaya TI,iku ng database e alek bacut ono forum
12/17/24,20:21,Athaya TI,ng ui mu ga ono
12/17/24,20:21,Bayu Samudra Ti,Media omitted
12/17/24,20:21,Athaya TI,iku sg iso njelasne arsitektur sistem mung koe lho 6283863404275 bahasane asing kabeh
12/17/24,20:21,Bayu Samudra Ti,Sek ngetik sopo jirr
12/17/24,20:22,Bayu Samudra Ti,
12/17/24,20:22,Athaya TI,kontol i
12/17/24,20:22,Athaya TI,aku lho njupuk seko kertasmu
12/17/24,20:22,duta,pie to lek
12/17/24,20:23,Bayu Samudra Ti,Amannn
12/17/24,20:23,Bayu Samudra Ti,
12/17/24,20:23,Avicena,Mending forum e hapus ae
12/17/24,20:23,Bayu Samudra Ti,Tapi analisi mu neng awal hasile iku tek
12/17/24,20:23,Bayu Samudra Ti,Ngrombak kad awal?
12/17/24,20:24,Athaya TI,yen meh nganggo nggone duta dihapus kabeh forum e
12/17/24,20:24,Athaya TI,seko database dll
12/17/24,20:24,Bayu Samudra Ti,Nek meh nganggo forum gari nglebokne ui ne gone atta
12/17/24,20:25,Zaki,Media omitted
12/17/24,20:25,duta,selak wengi
12/17/24,20:26,Zaki,Media omitted
12/17/24,20:26,Ardiyansah Al3x,Ngono yo kenek
12/17/24,20:26,Athaya TI,Media omitted
12/17/24,20:26,Bayu Samudra Ti,Media omitted
12/17/24,20:26,Bayu Samudra Ti,Media omitted
12/17/24,20:26,Zaki,Media omitted
12/17/24,20:27,Athaya TI,13135550002 cara menghilangkan capek dalam 2 menit
12/17/24,20:27,Meta AI,Berikut beberapa cara untuk menghilangkan rasa lelah dalam 2 menit:
12/17/24,20:27,Ardiyansah Al3x,Awokwowkwo udur uduran
12/17/24,20:27,Zaki,Media omitted
12/17/24,20:27,Ardiyansah Al3x,Asu aku yo kenek ngent
12/17/24,20:27,Bayu Samudra Ti,13135550002  kenapa ardiyansah tidak mau mengeluarkan statment?
12/17/24,20:28,Ardiyansah Al3x,13135550002 cara menurunkan emosi dalam 1 detik
12/17/24,20:28,Meta AI,Berikut beberapa cara efektif untuk menurunkan emosi dalam sekejap:
12/17/24,20:28,Meta AI,"Ada beberapa alasan mengapa seseorang seperti Ardiyansah tidak mau mengeluarkan pernyataan, antara lain:"
12/17/24,20:28,Athaya TI,6281337414045 ngko yen ditakoni masalah uml koe lho lek sg iso jelasne
12/17/24,20:28,Athaya TI,"ga melu"" aku"
12/17/24,20:28,Ardiyansah Al3x,UML opo cok
12/17/24,20:29,Zaki,Media omitted
12/17/24,20:29,duta,wes bar iki?
12/17/24,20:29,Zaki,wes
12/17/24,20:29,Zaki,kudune
12/17/24,20:30,Athaya TI,LHA KOE MAU GAWE OPO JIR
12/17/24,20:30,Ardiyansah Al3x,Oiyo
12/17/24,20:30,Athaya TI,ppk
12/17/24,20:30,Athaya TI,referensine kekne kono opo mburi dewe?
12/17/24,20:30,Ardiyansah Al3x,"Database, mbi data flow tok activity ne sena mau"
12/17/24,20:30,Zaki,PANTEK
12/17/24,20:30,Athaya TI,yo kui yen kon jelasne koe
12/17/24,20:31,Zaki,"gausah ga si, kan kon gabungke tok. ora kon nyusun"
12/17/24,20:31,Zaki,wes to iki
12/17/24,20:31,Zaki,nek wes ndang submit
12/17/24,20:32,Zaki,"kabeh submit, ora mung perwakilan soale"
12/17/24,20:32,Ardiyansah Al3x,Hmmm
12/17/24,20:32,Athaya TI,SEK
12/17/24,20:32,Athaya TI,6281336530958 DIEM DIEM TOK JIRRR
12/17/24,20:33,Zaki,Media omitted
12/17/24,20:33,duta,mbokep wi
12/17/24,20:33,Ardiyansah Al3x,Uasu dobrak e cok
12/17/24,20:33,duta,angger tumpuk iki?
12/17/24,20:34,Athaya TI,COKKK
12/17/24,20:34,duta,p
12/17/24,20:34,Athaya TI,ngelebokne activity diagram ng ppt piye jir
12/17/24,20:34,Athaya TI,gede tenan
12/17/24,20:34,Ardiyansah Al3x,6281288360400 inpo ndor
12/17/24,20:34,duta,diperkecil
12/17/24,20:34,Zaki,cilike
12/17/24,20:34,Bayu Samudra Ti,rasah di lebokne
12/17/24,20:35,Bayu Samudra Ti,wkwkwk
12/17/24,20:35,Zaki,iyo
12/17/24,20:35,Ardiyansah Al3x,Kon diet kang
12/17/24,20:35,Athaya TI,Media omitted
12/17/24,20:35,duta,okee angger tumpuk
12/17/24,20:35,Ardiyansah Al3x,Matane po ra picek kon moco iki
12/17/24,20:36,Ardiyansah Al3x,Cok kakek ane
12/17/24,20:36,Avicena,Lah iya juga cok
12/17/24,20:38,Athaya TI,file e mau ndi
12/17/24,20:38,Athaya TI,tak bagi 2
12/17/24,20:38,duta,bener kelompok 1 iki?
12/17/24,20:38,duta,This message was deleted
12/17/24,20:38,Athaya TI,y
12/17/24,20:38,duta,.
12/17/24,20:38,Ardiyansah Al3x,Media omitted
12/17/24,20:38,Athaya TI,file activity diagram e
12/17/24,20:39,Avicena,Media omitted
12/17/24,20:39,Avicena,Media omitted
12/17/24,20:39,Athaya TI,oke
12/17/24,20:39,Ardiyansah Al3x,Media omitted
12/17/24,20:39,duta,Media omitted
12/17/24,20:39,Ardiyansah Al3x,Jir
12/17/24,20:40,duta,Media omitted
12/17/24,20:40,Ardiyansah Al3x,Media omitted
12/17/24,20:41,Athaya TI,Media omitted
12/17/24,20:41,Athaya TI,GAISOO MOCO YWS NGNTD
12/17/24,20:41,Zaki,Media omitted
12/17/24,20:41,Zaki,YOO
12/17/24,20:41,Ardiyansah Al3x,Media omitted
12/17/24,20:43,Athaya TI,penamaan e gen ngene opo ganti?
12/17/24,20:44,duta,gitu aja
12/17/24,20:44,duta,lhoss
12/17/24,20:44,Zaki,ben ngono ae
12/17/24,20:44,Zaki,ra enek formate og
12/17/24,20:44,Zaki,penting pdf
12/17/24,20:44,duta,wes tak tumpuk soal e
12/17/24,20:44,duta,Media omitted
12/17/24,20:44,Zaki,2in
12/17/24,20:44,Athaya TI,losss
12/17/24,20:44,duta,acc
12/17/24,20:45,Ardiyansah Al3x,13135550002 cara agar dosen tidak bertanya saat presentasi no root
12/17/24,20:45,Meta AI,Berikut beberapa tips untuk menghindari pertanyaan dosen saat presentasi:
12/17/24,20:45,Athaya TI,JENENGE DICKY SALAH COK
12/17/24,20:45,<3,13135550002 buatkan resep nasi goreng mawut
12/17/24,20:45,duta,waduhh
12/17/24,20:45,duta,gpp ga sengojo
12/17/24,20:46,Meta AI,Berikut resep Nasi Goreng Mawut yang lezat:
12/17/24,20:46,Ardiyansah Al3x,ancok malah golek resep kakek ane
12/17/24,20:46,Ardiyansah Al3x,woilah
12/17/24,20:47,Zaki,sing nulis diki dewe kae
12/17/24,20:47,<3,Media omitted
12/17/24,20:47,Ardiyansah Al3x,Media omitted
12/17/24,20:49,Athaya TI,kelompok opo iki jir
12/17/24,20:49,Athaya TI,"emosi, golek resep"
12/17/24,20:50,Zaki,1
12/17/24,20:50,Athaya TI,13135550002 rekomendasi lagu yang asik buat joget joget
12/17/24,20:51,Meta AI,Berikut beberapa rekomendasi lagu asik untuk joget:
12/17/24,20:51,Ardiyansah Al3x,Media omitted
12/17/24,20:52,Ardiyansah Al3x,13135550002 rekomendasi lagu alrosta buat tawuran
12/17/24,20:52,Meta AI,Lagu-lagu Al Rosta cocok untuk mendengarkan saat santai atau ingin merasakan nostalgia. Berikut beberapa rekomendasi lagu Al Rosta:
12/17/24,20:52,<3,13135550002 tolong kasih tau alek stop stiker jomok
12/17/24,20:52,Meta AI,"Stiker Alek Stop ""Jomok"" adalah stiker populer di aplikasi pesan instan seperti WhatsApp dan Telegram. Stiker ini menggambarkan ekspresi wajah Alek yang terkenal dengan komediannya."
12/17/24,20:58,Athaya TI,opo sih jirr
12/17/24,20:58,Athaya TI,https:www.canva.comdesignDAGYkodczhwYNlXer-uBBDpuMWjf5xSMwedit?utmcontentDAGYkodczhwutmcampaigndesignshareutmmediumlink2utmsourcesharebutton
12/17/24,20:59,Zaki,akses
12/17/24,21:01,Athaya TI,https:www.canva.comdesignDAGYkodczhwYNlXer-uBBDpuMWjf5xSMwedit?utmcontentDAGYkodczhwutmcampaigndesignshareutmmediumlink2utmsourcesharebutton
12/17/24,21:01,Ardiyansah Al3x,Jing
12/17/24,21:02,Zaki,Media omitted
12/17/24,21:02,Ardiyansah Al3x,Picek ancen
12/17/24,21:02,Ardiyansah Al3x,Kene leh tenanan ngenteni metune yok gatel
12/17/24,21:02,Ardiyansah Al3x,Cok tenan
12/17/24,21:03,<3,Media omitted
12/17/24,21:03,Bayu Samudra Ti,Cohhhh
12/17/24,21:07,Athaya TI,hehe
12/17/24,21:09,Athaya TI,https:www.canva.comdesignDAGZjgXq46AAyZazuSs-LH8KFvdOEnFqAedit?utmcontentDAGZjgXq46Autmcampaigndesignshareutmmediumlink2utmsourcesharebutton
12/17/24,21:11,Zaki,null
12/17/24,21:12,Athaya TI,hayo notif ono love love kui opo
12/17/24,21:13,Zaki,Media omitted
12/17/24,21:16,Athaya TI,13135550002 buatin 50 nama kelompok yang lucu dan ada unsur hitam
12/17/24,21:16,Meta AI,Berikut 50 nama kelompok lucu dengan unsur hitam:
12/17/24,21:24,duta,13135550002 hukum marah marah dalam islam
12/17/24,21:24,Meta AI,"Dalam Islam, marah-marahan dianggap sebagai sifat negatif yang dapat merusak hubungan sosial dan spiritual. Berikut beberapa hukum dan pandangan Islam tentang marah-marahan:"
12/17/24,21:28,Athaya TI,https:www.canva.comdesignDAGZjD19GTMCI1S6uqgsOLe36tVcOslwedit?utmcontentDAGZjD19GTMutmcampaigndesignshareutmmediumlink2utmsourcesharebutton
12/17/24,21:28,Athaya TI,ws wi tenanan
12/17/24,21:29,duta,Media omitted
12/17/24,21:42,Athaya TI,Media omitted
12/17/24,21:48,Avicena,Media omitted
12/17/24,21:50,duta,Media omitted
12/17/24,21:53,Athaya TI,6283863404275 nggonmu omo ui forum ga?
12/17/24,22:06,Bayu Samudra Ti,Omo ki opo
12/17/24,22:06,Bayu Samudra Ti,Ora gawe lah
12/17/24,22:35,Athaya TI,yws gausah
12/18/24,15:44,Ardiyansah Al3x,13135550002 kata kata hari ini
12/18/24,15:44,Meta AI,Berikut kata-kata motivasi untuk hari ini:
12/18/24,15:44,Meta AI,https:www.cermati.comartikelkata-kata-motivasi-hidup-terbaik-untuk-buat-hidup-kamu-lebih-semangat
12/18/24,15:44,Athaya TI,13135550002 redis adalah
12/18/24,15:44,Meta AI,"Redis adalah sistem manajemen basis data NoSQL yang bersifat open-source, yang dirancang untuk menyimpan dan mengelola data dengan cepat dan efisien. Redis adalah singkatan dari ""Remote Dictionary Server""."
12/18/24,15:46,Athaya TI,13135550002 berikan rekomendasi laptop gaming spek dewa
12/18/24,15:46,Meta AI,Berikut beberapa rekomendasi laptop gaming spek dewa:
12/18/24,15:46,Meta AI,https:www.tokopedia.comblogtop-laptop-gaming-terbaik-lpc?utmsourcegoogleutmmediumorganic
12/18/24,17:10,Athaya TI,13135550002 kita habis presentasi nih buatin kata kata dong
12/18/24,17:10,Meta AI,Berikut beberapa kata-kata inspiratif dan motivasi setelah presentasi:
12/27/24,21:14,Zaki,Media omitted
12/27/24,21:15,Avicena,opo wi zak
12/27/24,21:15,Zaki,jadwal uas praktikum
12/27/24,21:15,Athaya TI,juhhh sabtu banget wii
12/27/24,21:29,duta,Media omitted
12/27/24,21:32,duta,Media omitted
12/27/24,21:32,Athaya TI,edit gasih dut namane juga masii draft
12/27/24,21:32,duta,ide bagus
12/27/24,21:33,duta,nde mau ono sing melu zoom e pak bana?
12/27/24,21:34,Athaya TI,takono ng grup ipsd cobo
12/27/24,21:35,duta,matane
12/28/24,11:20,Ardiyansah Al3x,KISI KISI UAS MPPL
12/28/24,11:21,Athaya TI,iku namane kabeh materi
12/28/24,11:22,Ardiyansah Al3x,La wonge omong kui ki
12/28/24,12:15,Zaki,Kisi2 UAS MPPL (materi ke 8-14)
12/28/24,12:15,Zaki,kisi kisi mppl
12/28/24,12:59,Athaya TI,Kisi2 UAS MPPL (materi ke 8-14)
